insert into categories(id, name, description, is_deleted) values (1, 'science', 'some clever stuff', false);
insert into categories(id, name, description, is_deleted) values (2, 'biography', 'about Person', false);
insert into categories(id, name, description, is_deleted) values (3, 'comedy', 'things that make you smile', false);
insert into books (id, title, author, isbn, price, description, cover_image, is_deleted) values (1, 'The First Book', 'Old Doctor', '978-3-16-148410-0', 29.99, 'Something about medicine', 'red url', false);
insert into books (id, title, author, isbn, price, description, cover_image, is_deleted) values (2, 'The Second Book', 'Scientist', '978-3-16-148410-1', 9.50, 'Something about science', 'microscopic url', false);
insert into books (id, title, author, isbn, price, description, cover_image, is_deleted) values (3, 'The Third Book', 'Engineer', '978-3-16-148410-2', 19.00, 'Something about cars', 'speedy url', false);
insert into books (id, title, author, isbn, price, description, cover_image, is_deleted) values (4, 'The Forth Book', 'Aggressive Politician', '978-3-16-148410-3', 50.09, 'Why everyone is guilty for everything, (but not me)', 'bomb url', false);
insert into books (id, title, author, isbn, price, description, cover_image, is_deleted) values (5, 'The Fifth Book', 'Famous Actor', '978-3-16-148410-4', 89.95, 'My hard life with billions (of fans)', 'faced url', false);
insert into books (id, title, author, isbn, price, description, cover_image, is_deleted) values (6, 'The Sixth Book', 'Talented Developer', '978-3-16-148410-5', 69.69, 'How to find who is responsible for bug and dont catch yourself', 'computer url', false);
insert into books (id, title, author, isbn, price, description, cover_image, is_deleted) values (7, 'The Seventh Book', 'Imprisoned Criminal', '978-3-16-148410-6', 100.00, 'How to steal and dont be founded', 'black url', false);
insert into books (id, title, author, isbn, price, description, cover_image, is_deleted) values (8, 'The Eighth Book', 'Sad Comedian', '978-3-16-148410-7', 1.99, 'Best of 19..', 'unpopular url', false);
insert into books (id, title, author, isbn, price, description, cover_image, is_deleted) values (9, 'The Ninth Book', 'Young Lady', '978-3-16-148410-8', 35.45, 'About hard life, but in funny way', 'flower url', false);
insert into books (id, title, author, isbn, price, description, cover_image, is_deleted) values (10, 'The Tenth Book', 'Weird Dentist', '978-3-16-148410-9', 999.99, 'Strange jokes', 'green? url', false);
insert into books_categories(book_id, category_id) values (1, 1);
insert into books_categories(book_id, category_id) values (2, 1);
insert into books_categories(book_id, category_id) values (3, 1);
insert into books_categories(book_id, category_id) values (4, 2);
insert into books_categories(book_id, category_id) values (5, 2);
insert into books_categories(book_id, category_id) values (6, 2);
insert into books_categories(book_id, category_id) values (7, 2);
insert into books_categories(book_id, category_id) values (8, 3);
insert into books_categories(book_id, category_id) values (9, 3);
insert into books_categories(book_id, category_id) values (10, 3);
